<DataBase>
  <Device>
   <ChipInfo Vendor="ATMEL" Name="ATSAMA5D27" Core="JLINK_CORE_CORTEX_A5" WorkRAMAddr="0x00200000" WorkRAMSize="0x00020000" JLinkScriptFile="Devices\ATMEL\SAMA5D2.JLinkScript" />
   <FlashBankInfo Name="QSPI Flash" BaseAddr="0xD0000000" MaxSize="0x02000000" Loader="Devices\ATMEL\SAMA5D2\SAMA5D2XPLAINED_QSPI.elf" LoaderType="FLASH_ALGO_TYPE_OPEN" />
  </Device>
  <Device>
    <ChipInfo Vendor="CLOUDERSEMI" Name="CR600" Core="JLINK_CORE_CORTEX_M0" WorkRAMAddr="0x10000000" WorkRAMSize="0x40000" />
    <FlashBankInfo Name="QSPI flash" BaseAddr="0x20000000" MaxSize="0x40000" Loader="Devices\ClouderSemi\CR600\CR600.FLM" LoaderType="FLASH_ALGO_TYPE_CMSIS" />
  </Device>
  <Device>
    <ChipInfo Vendor="NXP" Name="MCIMX6X1_A9" Core="JLINK_CORE_CORTEX_A9" JLinkScriptFile="Devices\NXP\iMX6SoloX_Connect_CortexA9.JLinkScript" />
  </Device>
  <Device>
    <ChipInfo Vendor="NXP" Name="MCIMX6X1_M4" Core="JLINK_CORE_CORTEX_M4" JLinkScriptFile="Devices\NXP\iMX6SoloX_Connect_CortexM4.JLinkScript" />
  </Device>
  <Device>
    <ChipInfo Vendor="NXP" Name="MCIMX6X2_A9" Core="JLINK_CORE_CORTEX_A9" JLinkScriptFile="Devices\NXP\iMX6SoloX_Connect_CortexA9.JLinkScript" />
  </Device>
  <Device>
    <ChipInfo Vendor="NXP" Name="MCIMX6X2_M4" Core="JLINK_CORE_CORTEX_M4" JLinkScriptFile="Devices\NXP\iMX6SoloX_Connect_CortexM4.JLinkScript" />
  </Device>
  <Device>
    <ChipInfo Vendor="NXP" Name="MCIMX6X3_A9" Core="JLINK_CORE_CORTEX_A9" JLinkScriptFile="Devices\NXP\iMX6SoloX_Connect_CortexA9.JLinkScript" />
  </Device>
  <Device>
    <ChipInfo Vendor="NXP" Name="MCIMX6X3_M4" Core="JLINK_CORE_CORTEX_M4" JLinkScriptFile="Devices\NXP\iMX6SoloX_Connect_CortexM4.JLinkScript" />
  </Device>
  <Device>
    <ChipInfo Vendor="NXP" Name="MCIMX6X4_A9" Core="JLINK_CORE_CORTEX_A9" JLinkScriptFile="Devices\NXP\iMX6SoloX_Connect_CortexA9.JLinkScript" />
  </Device>
  <Device>
    <ChipInfo Vendor="NXP" Name="MCIMX6X4_M4" Core="JLINK_CORE_CORTEX_M4" JLinkScriptFile="Devices\NXP\iMX6SoloX_Connect_CortexM4.JLinkScript" />
  </Device>
  <Device>
    <ChipInfo Vendor="NXP" Name="MCIMX6G0" WorkRAMAddr="0x00900000" WorkRAMSize="0x00020000" Core="JLINK_CORE_CORTEX_A7" />
    <FlashBankInfo Name="QSPI flash" BaseAddr="0x60000000" MaxSize="0x02000000" Loader="Devices\NXP\iMX6UL\NXP_iMX6UL_EVK_QSPI.elf" LoaderType="FLASH_ALGO_TYPE_OPEN" />
  </Device>
  <Device>
    <ChipInfo Vendor="NXP" Name="MCIMX6G1" WorkRAMAddr="0x00900000" WorkRAMSize="0x00020000" Core="JLINK_CORE_CORTEX_A7" />
    <FlashBankInfo Name="QSPI flash" BaseAddr="0x60000000" MaxSize="0x02000000" Loader="Devices\NXP\iMX6UL\NXP_iMX6UL_EVK_QSPI.elf" LoaderType="FLASH_ALGO_TYPE_OPEN" />
  </Device>
  <Device>
    <ChipInfo Vendor="NXP" Name="MCIMX6G2" WorkRAMAddr="0x00900000" WorkRAMSize="0x00020000" Core="JLINK_CORE_CORTEX_A7" />
    <FlashBankInfo Name="QSPI flash" BaseAddr="0x60000000" MaxSize="0x02000000" Loader="Devices\NXP\iMX6UL\NXP_iMX6UL_EVK_QSPI.elf" LoaderType="FLASH_ALGO_TYPE_OPEN" />
  </Device>
  <Device>
    <ChipInfo Vendor="NXP" Name="MCIMX6G3" WorkRAMAddr="0x00900000" WorkRAMSize="0x00020000" Core="JLINK_CORE_CORTEX_A7" />
    <FlashBankInfo Name="QSPI flash" BaseAddr="0x60000000" MaxSize="0x02000000" Loader="Devices\NXP\iMX6UL\NXP_iMX6UL_EVK_QSPI.elf" LoaderType="FLASH_ALGO_TYPE_OPEN" />
  </Device>
  <Device>
    <ChipInfo Vendor="NXP" Name="MCIMX6Y0" WorkRAMAddr="0x00900000" WorkRAMSize="0x00020000" Core="JLINK_CORE_CORTEX_A7" />
    <FlashBankInfo Name="QSPI flash" BaseAddr="0x60000000" MaxSize="0x02000000" Loader="Devices\NXP\iMX6UL\NXP_iMX6UL_EVK_QSPI.elf" LoaderType="FLASH_ALGO_TYPE_OPEN" />
  </Device>
  <Device>
    <ChipInfo Vendor="NXP" Name="MCIMX6Y1" WorkRAMAddr="0x00900000" WorkRAMSize="0x00020000" Core="JLINK_CORE_CORTEX_A7" />
    <FlashBankInfo Name="QSPI flash" BaseAddr="0x60000000" MaxSize="0x02000000" Loader="Devices\NXP\iMX6UL\NXP_iMX6UL_EVK_QSPI.elf" LoaderType="FLASH_ALGO_TYPE_OPEN" />
  </Device>
  <Device>
    <ChipInfo Vendor="NXP" Name="MCIMX6Y2" WorkRAMAddr="0x00900000" WorkRAMSize="0x00020000" Core="JLINK_CORE_CORTEX_A7" />
    <FlashBankInfo Name="QSPI flash" BaseAddr="0x60000000" MaxSize="0x02000000" Loader="Devices\NXP\iMX6UL\NXP_iMX6UL_EVK_QSPI.elf" LoaderType="FLASH_ALGO_TYPE_OPEN" />
  </Device>
  <Device>
    <ChipInfo Vendor="NXP" Name="MCIMX6Y7" WorkRAMAddr="0x00900000" WorkRAMSize="0x00020000" Core="JLINK_CORE_CORTEX_A7" />
    <FlashBankInfo Name="QSPI flash" BaseAddr="0x60000000" MaxSize="0x02000000" Loader="Devices\NXP\iMX6UL\NXP_iMX6UL_EVK_QSPI.elf" LoaderType="FLASH_ALGO_TYPE_OPEN" />
  </Device>
  <Device>
    <ChipInfo Vendor="TI" Name="CC3200" Core="JLINK_CORE_CORTEX_M4" JLinkScriptFile="Devices\TI\TI_CC3200.JLinkScript" WorkRAMAddr="0x20000000" WorkRAMSize="0x10000" />
  </Device> 
  <Device>
    <ChipInfo Vendor="Broadcom" Name="BCM43907" Core="JLINK_CORE_CORTEX_R4" JLinkScriptFile="Devices\Broadcom\BCM45907.JLinkScript" />
  </Device>
  <!--                 -->
  <!-- HDSC (HC32) -->
  <!--                 -->
  <Device>
    <ChipInfo Vendor="HDSC" Name="HC32L136"  WorkRAMAddr="0x20000000" WorkRAMSize="0x2000" Core="JLINK_CORE_CORTEX_M0"/>
    <FlashBankInfo Name="Flash_64K" BaseAddr="0x0" MaxSize="0x10000" Loader="Devices/HDSC/FlashHC32L136_64K.FLM" LoaderType="FLASH_ALGO_TYPE_OPEN" AlwaysPresent="1"/>
  </Device>
  <Device>
    <ChipInfo Vendor="HDSC" Name="HC32L130"  WorkRAMAddr="0x20000000" WorkRAMSize="0x2000" Core="JLINK_CORE_CORTEX_M0"/>
    <FlashBankInfo Name="Flash_64K" BaseAddr="0x0" MaxSize="0x10000" Loader="Devices/HDSC/FlashHC32L130_64K.FLM" LoaderType="FLASH_ALGO_TYPE_OPEN" AlwaysPresent="1"/>
  </Device>
  <Device>
    <ChipInfo Vendor="HDSC" Name="HC32F030"  WorkRAMAddr="0x20000000" WorkRAMSize="0x2000" Core="JLINK_CORE_CORTEX_M0"/>
    <FlashBankInfo Name="Flash_64K" BaseAddr="0x0" MaxSize="0x10000" Loader="Devices/HDSC/FlashHC32F030_64K.FLM" LoaderType="FLASH_ALGO_TYPE_OPEN" AlwaysPresent="1"/>
  </Device>  
  <Device>
    <ChipInfo Vendor="HDSC" Name="HC32L110B4_C4"  WorkRAMAddr="0x20000000" WorkRAMSize="0x800" Core="JLINK_CORE_CORTEX_M0"/>
    <FlashBankInfo Name="Flash_16K" BaseAddr="0x0" MaxSize="0x4000" Loader="Devices/HDSC/HC32L110B4_C4.FLM" LoaderType="FLASH_ALGO_TYPE_OPEN" AlwaysPresent="1"/>
  </Device>  
  <Device>
    <ChipInfo Vendor="HDSC" Name="HC32L110B6_C6"  WorkRAMAddr="0x20000000" WorkRAMSize="0x1000" Core="JLINK_CORE_CORTEX_M0"/>
    <FlashBankInfo Name="Flash_32K" BaseAddr="0x0" MaxSize="0x8000" Loader="Devices/HDSC/HC32L110B6_C6.FLM" LoaderType="FLASH_ALGO_TYPE_OPEN" AlwaysPresent="1"/>
  </Device>
  <Device>
    <ChipInfo Vendor="HDSC" Name="HC32F003"  WorkRAMAddr="0x20000000" WorkRAMSize="0x800" Core="JLINK_CORE_CORTEX_M0"/>
    <FlashBankInfo Name="Flash_16K" BaseAddr="0x0" MaxSize="0x4000" Loader="Devices/HDSC/HC32F003.FLM" LoaderType="FLASH_ALGO_TYPE_OPEN" AlwaysPresent="1"/>
  </Device>  
  <Device>
    <ChipInfo Vendor="HDSC" Name="HC32F005"  WorkRAMAddr="0x20000000" WorkRAMSize="0x1000" Core="JLINK_CORE_CORTEX_M0"/>
    <FlashBankInfo Name="Flash_32K" BaseAddr="0x0" MaxSize="0x8000" Loader="Devices/HDSC/HC32F005.FLM" LoaderType="FLASH_ALGO_TYPE_OPEN" AlwaysPresent="1"/>
  </Device> 
  <Device>
    <ChipInfo Vendor="HDSC" Name="HC32L15"  WorkRAMAddr="0x20000000" WorkRAMSize="0x1800" Core="JLINK_CORE_CORTEX_M0"/>
    <FlashBankInfo Name="Flash_128K" BaseAddr="0x0" MaxSize="0x20000" Loader="Devices/HDSC/HC32L15.FLM" LoaderType="FLASH_ALGO_TYPE_OPEN" AlwaysPresent="1"/>
  </Device>
  <Device>
    <ChipInfo Vendor="HDSC" Name="HC32F_M14"  WorkRAMAddr="0x20000000" WorkRAMSize="0x2000" Core="JLINK_CORE_CORTEX_M0"/>
    <FlashBankInfo Name="Flash_128K" BaseAddr="0x0" MaxSize="0x20000" Loader="Devices/HDSC/HC32F_M14.FLM" LoaderType="FLASH_ALGO_TYPE_OPEN" AlwaysPresent="1"/>
  </Device>
  <Device>
    <ChipInfo Vendor="HDSC" Name="HC32F46x"  WorkRAMAddr="0x20000000" WorkRAMSize="0x10000" Core="JLINK_CORE_CORTEX_M4"/>
    <FlashBankInfo Name="Flash_512K" BaseAddr="0x0" MaxSize="0x80000" Loader="Devices/HDSC/HC32F46x.FLM" LoaderType="FLASH_ALGO_TYPE_OPEN" AlwaysPresent="1"/>
  </Device>  
</DataBase>
