<?xml version="1.0" encoding="utf-8"?>
<preset version="3">
  <name>Font_Conversion3</name>
  <prepare>
    <convType>0</convType>
    <monoType>0</monoType>
    <edge>144</edge>
    <scanMain>0</scanMain>
    <scanSub>0</scanSub>
    <inverse>1</inverse>
    <bandScanning>0</bandScanning>
    <bandWidth>1</bandWidth>
    <useCustomScript>0</useCustomScript>
    <customScript><![CDATA[]]></customScript>
  </prepare>
  <matrix>
    <maskUsed>00000001</maskUsed>
    <maskAnd>ffffffff</maskAnd>
    <maskOr>00000000</maskOr>
    <maskFill>000000ff</maskFill>
    <operations count="2">
      <operation index="0">
        <mask>ff000000</mask>
        <shift>0</shift>
        <left>0</left>
      </operation>
      <operation index="1">
        <mask>00000001</mask>
        <shift>0</shift>
        <left>0</left>
      </operation>
    </operations>
  </matrix>
  <reordering>
    <operations count="0"/>
  </reordering>
  <image>
    <bytesOrder>1</bytesOrder>
    <blockSize>0</blockSize>
    <blockDefaultOnes>0</blockDefaultOnes>
    <splitToRows>0</splitToRows>
    <compressionRle>0</compressionRle>
    <compressionRleMinLength>2</compressionRleMinLength>
    <blockPrefix>0x</blockPrefix>
    <blockSuffix></blockSuffix>
    <blockDelimiter>, </blockDelimiter>
  </image>
  <font>
    <bom>0</bom>
    <sortOrder>1</sortOrder>
    <codec>latin1</codec>
  </font>
  <templates>
    <images>C:/Users/chinatown/Desktop/lcd-image-converter-beta/sumotoy_image.tmpl</images>
    <fonts>C:/Users/chinatown/Desktop/lcd-image-converter-beta/sumotoy_font2.1.tmpl</fonts>
  </templates>
</preset>
